temperature,vibration,pressure,voltage,hours_since_maintenance,failure
79.96714153011233,0.4399355436586002,26.62410862512809,2.7276577326367826,407,1
73.61735698828815,0.39246336829127687,29.27740664642241,3.041884496766149,50,0
81.47688538100692,0.3059630369920174,26.037900395000193,3.1759183399735065,265,0
90.23029856408026,0.2353063222294426,28.4601923518048,3.866306297202057,119,0
72.65846625276664,0.369822331361359,20.531926665231072,3.4669659373601274,199,0
72.6586304305082,0.33934853854217495,31.066468536864694,2.8993555292700326,404,1
90.79212815507391,0.3895193220027732,30.006027376811122,3.445810886825291,247,0
82.67434729152909,0.36351718016819695,25.914556844659046,2.83580880331849,69,0
70.30525614065049,0.4049552715319335,33.296228342162024,3.624807316166122,340,0
80.42560043585965,0.2464764788439432,34.68785068813279,3.158662604454636,56,0
70.36582307187538,0.43173940656343257,21.962200678155128,3.271909143378249,381,0
70.34270246429743,0.31975996046923993,26.18637610716893,3.697738994262657,38,0
77.41962271566034,0.5075260872625266,26.15428825106351,2.913850929424725,471,1
55.86719755342202,0.23108121819104321,25.300484494455677,2.8808645444661023,288,0
57.75082167486967,0.47359638031652496,34.14737420965874,3.1249202020961984,442,0
69.37712470759027,0.31979107834626475,29.030869306135983,3.611513655305795,17,0
64.87168879665576,0.23485819963855514,28.677425793446947,2.844196177356947,439,1
78.14247332595274,0.2516114165945678,19.980688177966233,2.4503533205668293,219,0
65.91975924478788,0.26796526918056796,33.17709015104613,3.1646523424773,312,0
60.87696298664709,0.34241659464019164,23.80370802573264,3.465522239973276,243,0
89.65648768921554,0.35228354880354995,30.299663151331643,3.6600785249216488,351,0
72.74223699513465,0.2426299996061421,31.386884689790957,3.16105159137438,459,0
75.67528204687923,0.2975645407739017,36.80329297919326,3.1765720178651993,303,0
60.75251813786544,0.5142270358611863,23.45589800440444,3.646170220276724,297,0
69.55617275474818,0.47275431701007115,14.902439220895873,2.7390774900913737,282,0
76.10922589709867,0.3436323669674032,30.919247723768475,3.1834437674450973,73,0
63.490064225776976,0.30380034781682,39.00255590755427,3.3571271669775173,109,0
78.75698018345672,0.3120031326718261,36.19473176469719,3.4347656163855103,179,0
68.99361310081196,0.3613517972730417,31.048297076373128,3.1470579920427353,425,0
72.08306250206724,0.19772074348015944,27.541819071839765,3.3103323035117524,31,0
68.98293387770603,0.2742623462576655,34.03561298318655,2.553501793976103,233,0
93.52278184508938,0.13314159261224104,25.132269001477656,3.1025254762998453,281,0
74.86502775262066,0.33992231226052794,32.3817888467811,3.43605261376634,24,0
64.422890710441,0.3647195939702741,32.52735079583314,3.005311789723596,330,0
83.22544912103189,0.25168135377006257,35.3010495374944,3.317695266476879,278,0
62.791563500289776,0.4573986763290033,43.79830019455539,3.4340617502408093,225,0
77.08863595004756,0.17742343369976588,31.962079835893835,3.19723523974267,56,0
55.403298761202244,0.15356251197901796,27.455181871462507,3.351139131298971,179,0
61.71813951101569,0.3224451818559972,29.87212843904003,3.0111802304146162,231,0
76.96861235869123,0.40470983026121543,21.15462047555441,3.2380166160911856,381,0
82.3846657999541,0.46839276914578687,26.52643434455471,3.4830648508767665,342,0
76.7136828118997,0.254111573713106,27.95358780943448,3.3470918882905303,476,0
73.8435171761176,0.4078680833431296,27.379558010327038,3.124040619130819,286,0
71.98896304410711,0.2961491530499293,30.76177436016861,3.3672649212872376,63,0
60.214780096325725,0.28273727000591803,25.887900338088997,3.514382937190985,454,0
67.80155791605291,0.3883659937486672,35.60515333662236,2.6850176164267565,231,0
70.39361229040213,0.365232287841342,30.001035324590987,3.647722219486769,288,0
85.57122226218915,0.14236078430157503,29.953498394306926,3.199123578395678,212,0
78.43618289568461,0.4476540349725896,28.36052641743541,3.427646979972069,257,0
57.36959844637266,0.4380091354147452,30.775953419294897,3.659174077093568,17,0
78.24083969394795,0.23744372984904705,34.125491323338174,2.88849789083086,174,0
71.14917719583684,0.3395803533437409,25.664348921445498,3.0871676992717356,416,0
68.23077999694041,0.3494030186282739,26.709417554623716,3.2134353912372884,228,0
81.11676288840867,0.3260673765823907,28.481369856116675,3.0648739436626715,225,0
85.30999522495951,0.24496948461545798,23.270645382633926,3.8204809727510423,83,0
84.31280119116198,0.2328376632061948,25.903710701392512,3.042968371851962,290,0
66.60782476777362,0.29744459290085545,27.618895632276704,3.1333359661539397,434,0
71.90787624148786,0.41727290192593647,34.371945903563635,3.3613167094808927,369,0
78.31263431403563,0.35436001545944323,31.312806645009626,2.939355142177173,245,0
84.75545127122359,0.2629385667913894,30.967949556837723,3.181295786473121,401,0
70.2082576215471,0.37716987106483446,34.25448981083986,3.3952359783750525,109,0
73.14341023336183,0.01514573793699242,29.313141058003016,3.2001418786852462,253,0
63.93665025993972,0.41487657003721035,31.952324249644448,3.2719839423300154,87,0
63.037933759193294,0.12602862212219001,29.48389123533752,3.1412003662654886,71,0
83.12525822394198,0.2637559058596868,31.326811746998143,2.84565890724577,380,1
88.56240028570824,0.18803301053738558,27.08620671194209,3.396477963401771,29,0
74.27989878419666,0.17053185242790941,17.805914208617857,3.8264799214941725,171,0
85.03532897892023,0.41608267873785193,29.32860418906848,3.305520489235031,308,0
78.61636025047635,0.25322987986881085,37.1137406804997,3.3675792351742646,393,0
68.54880245394875,0.3346503881730716,34.631077011207964,3.5078168265350578,342,0
78.61395605508415,0.29530794211208156,34.82698742295585,2.91920085103599,435,1
90.38036566465969,0.3477040827223121,36.18065360903109,3.8107543974388816,176,0
74.64173960890048,0.3076821891060255,30.443287954807186,3.3606986389268405,138,0
90.64643655814007,0.17170077758114302,30.986578537027977,3.7895570697267322,193,0
48.80254895910255,0.399626681944714,26.91174052282825,3.080090101342803,185,0
83.21902504375224,0.2506243416838687,28.41963571986475,3.845418576767347,217,0
75.87047068238171,0.14434181013402486,33.07885574885571,3.5325466482104346,163,0
72.00992649534132,0.25718848390340876,36.01942218584408,3.4659120257557072,160,0
75.91760776535503,0.4500759790634311,29.302768621595003,3.370207336305944,430,0
55.124310853991076,0.38502217421134927,27.749053675742942,3.225441414577665,12,0
72.80328112162488,0.2651347865592141,30.002639794282988,3.6601594975421614,295,0
78.57112571511746,0.2650742295681571,33.00603374464558,3.3421079609544138,88,0
89.77894044741517,0.2678364948782617,22.78072591933229,2.709879088923854,323,0
69.81729781726352,0.5076747983560841,18.51909523431381,2.964844061487899,41,1
66.91506397106812,0.3381935452231553,27.247315752542082,3.2442462743421756,402,0
69.98242956415463,0.34300416471910694,23.896437870429207,3.3929996949496664,209,0
84.15402117702074,0.4030283454031842,27.459299011763445,3.283023453330031,228,0
78.28751109659684,0.32387891590265133,29.26109840591264,3.6656912369380987,349,0
69.70239796232961,0.27409578541792967,27.733757954884933,2.7146694407884127,274,0
80.13267433113356,0.28036501509150213,37.26233767235372,3.343076380951548,441,0
75.9707754934804,0.2928398740585936,31.6337238230116,2.7546062323838534,278,0
84.68644990532889,0.2962777763490158,31.502371798054142,3.5279136886452505,250,0
67.97946906122648,0.372762954363698,33.11103572021701,3.271662385667399,309,0
71.72337853402232,0.30519458858072995,24.305834411096154,3.425882991607235,207,0
71.07891846867842,0.37326400772155793,35.195558937101346,3.04083511182307,320,0
60.364850518678814,0.29192834198914175,29.6211785673227,3.6838394794973253,139,0
77.96120277064576,0.307863519031609,33.35240308620606,3.6125173992176554,279,0
77.6105527217989,0.10017993154678922,24.64071383479922,3.475063290903566,33,0
75.05113456642461,0.3916327674702481,22.23120616991968,3.2611448259409674,308,0
72.65412866624852,0.33464884758979924,34.08944829012514,3.4739571855885396,391,0
60.84629257949586,0.3998010109859652,31.882047630487584,3.087932229603795,17,0
70.79354677234642,0.010374462180631039,25.48974222821245,3.5566666977062136,56,0
71.57285483473231,0.5088374704780727,25.651684593626527,3.794844268297176,111,0
66.9772273077838,0.2860410371844826,35.62717392207385,3.6211831679937556,4,0
73.3871428833399,0.4108182816737517,24.05294053566336,3.081119259057777,409,0
79.04050856814538,0.1960094072874469,38.21336476627982,3.408425195181931,413,0
93.8618590121053,0.36127739050625696,25.496896326760655,2.9120575368724055,181,1
76.74577812831839,0.19465844368263435,33.191959628041914,3.4717170933527024,12,0
77.57550390722764,0.23762310393041947,28.356907621255075,3.4351810238587617,338,0
74.25554084233833,0.4914031353866786,33.01593715541171,2.7390550981403505,284,0
55.812287847009586,0.2809317599236653,27.279429989429037,2.9514648468262905,258,0
74.73486124550783,0.3217432873179723,29.18603546963853,3.21505833097687,89,0
75.60230209941027,0.38700677306887543,30.204595876978605,3.209742075857752,103,0
99.63242112485287,0.3495681887972605,24.989062721092637,2.9371569193743583,378,1
73.07639035218878,0.3150418905143576,33.70412172710063,3.416693618805655,185,0
78.01547342333612,0.3364961002466225,27.433932167642073,3.3754420826821536,249,0
74.65288230294756,0.5403415585238275,28.857000423299908,3.241719260406444,254,0
63.31321962380468,0.2942381202966414,25.028253126957438,3.073262549952491,75,0
86.4282281451502,0.32010990467149675,17.188331706023448,3.614612137924969,385,0
82.51933032686775,0.4050654396007612,29.044861186999157,3.7966221339264883,458,0
82.91031947043047,0.4105525932957984,42.063077108064576,3.154931554846039,107,0
65.9061254520526,0.418703030556038,33.92302143949012,3.1163499248535538,155,0
89.02794310936099,0.36387302220291845,29.903698101328025,3.447362299623599,81,0
60.98148937207719,0.18569950872695162,28.68554585395866,3.1925911860759038,76,0
80.8685709380027,0.4633431532301096,30.11232946406023,3.2581808398010295,484,0
96.90455625809979,0.1853654606981312,32.73559557587605,3.521895945517401,469,1
65.09463674869312,0.33026354652390333,24.095935923455777,2.727193173747812,459,1
69.33702270397228,0.22457241499806418,35.57160847334436,3.6954906974558006,257,0
75.99651365087641,0.29358616534070076,33.57690657720622,3.321804157298802,126,0
69.965243458838,0.332876241030348,33.59092862853967,3.176552056631346,484,0
59.493365689338674,0.3321357215450273,32.192378694048635,3.273229753733565,390,0
75.68562974806028,0.3421920754235285,30.09808328846995,3.2887288065061555,281,0
64.37696286273895,0.4613711269058647,33.3643061798341,2.7806396089665224,473,1
79.73592430635182,0.34535343015139797,32.95907066870689,3.7484814682359704,87,0
65.80575765766197,0.2755843364709351,28.22979644529488,3.3123976896811853,203,0
90.4993440501754,0.3964087168288357,27.131991135515495,3.4329006391342123,15,0
67.16746707663764,0.41894704889246404,30.509281476309933,3.5854649311722127,150,0
71.77938483794324,0.17723921848630075,37.74510075747594,2.99365126273191,423,1
83.1351721736967,0.3597400069849858,23.804464621730496,3.442041569710568,253,0
62.69135683566045,0.3701172742310898,22.662373671237802,3.2197076727303617,187,0
77.2745993460413,0.2702436496640008,30.823804206182583,3.554031232564948,328,0
88.07142754282428,0.43757068133116195,30.25443850928009,2.6618317738945514,31,0
58.92516765438772,0.28499444129674734,30.86670832185204,3.270271709927619,270,0
76.84633858532304,0.3125576453471542,31.219765989542502,3.1191538032648114,484,0
77.59882794248423,0.282692817571613,28.883988726825976,3.4296788851902464,396,0
82.81822871777311,0.30155790475814676,37.44931719301041,3.4410132562104603,4,0
62.63049289121918,0.19037249131047979,21.99548010761742,3.087712231553392,458,0
61.795433869157236,0.15599491174057054,25.85751487609877,3.086347840747187,329,0
80.21941565616898,0.45945050632249723,29.483726199254765,3.266800389432801,307,0
77.96984673233186,0.21530386516816719,21.784055944229163,3.0310073318054376,332,0
77.50492850345877,0.20086076505436928,29.120727977839643,3.552595108635638,168,0
78.46448209496975,0.08466098863962851,38.30735082864009,3.189237839865766,180,0
68.1997527842151,0.23610382523104978,30.10443244147981,2.4279035342035074,365,1
77.32253697161003,0.16769102065925015,31.153504528593416,3.187553383013458,177,0
77.93072473298682,0.4642015160136369,23.6991761741371,2.988436853746808,142,0
67.85648581973632,0.40098170893426344,26.918192959802614,2.8106172553617164,361,1
93.65774511144757,0.2311849654822276,28.124018098380315,2.9287720085332283,247,1
79.73832920911788,0.5252435805344309,28.41142451621883,3.332822541549891,126,0
63.08696502797351,0.3981765486991594,36.40821897501884,3.698592248474469,262,0
81.5655360863383,0.26751686164913774,32.788455303625625,3.3939553421594937,39,0
65.25318329772679,0.05005942851264267,24.44271021531484,3.118048983535278,411,0
82.87084603742451,0.5290942572590742,31.232523892160025,3.4367712585512105,415,1
86.58595579007404,0.16104275332364038,32.491108742483924,3.1622729069343025,354,0
66.7931768164829,0.13546012530431079,35.700745192606334,3.0916198892510565,254,0
84.63376129244321,0.402257043200964,37.90270343284187,2.9536911995301045,142,0
79.12780926936499,0.5439752406339273,24.924529040860655,2.774451357974484,239,1
83.2206015999449,0.43842728185105184,25.94571244394831,3.1830228880321663,227,0
93.96792982653947,0.356390912005236,23.71211070542692,3.3474160469760394,340,0
72.5461188399713,0.3594754341665286,28.829900704465093,3.271012898995533,197,0
67.4626383564251,0.38534155587803076,32.331791872231676,3.1752099216157923,64,0
66.10485570374476,0.3758928589786765,34.93667258294551,3.0162761817909653,387,0
66.84189715034562,0.32811914239693757,29.620244881787386,3.4824738575054903,10,0
74.22898290585896,0.3104201103951876,28.40076238372578,2.9048604240160243,107,0
78.41151974816644,0.29374068721004776,30.758789961243703,3.5328083741530425,25,0
77.7669079933002,0.22460354111333236,25.824285491849885,2.9993348943219824,444,1
83.27183249036024,0.27193249231332256,40.44769360847387,3.0742694287940893,420,1
75.13001891877907,0.13070431858046144,21.961694864409708,2.8599644428152966,150,0
89.53534077157317,0.290166037320525,30.923702894478623,3.149579355934309,220,0
72.35343166762044,0.20114088928490825,40.1180310961482,3.5925937375433934,340,0
102.20169166589619,0.1896410682784229,30.033999222799988,3.4546884265331865,495,1
81.25667347765007,0.31798941511534784,29.049804824992528,3.5935266336084104,236,0
66.42842443583717,0.43920022863445995,28.212772885947864,3.4566427637801804,236,0
64.29107501938887,0.3918316606002313,29.09804159118796,2.9688990514408893,496,1
79.82472415243186,0.14294993963768227,36.86424237338265,3.200763232701733,218,0
72.7653721467415,0.20103718634296625,18.940690443352466,3.065940261264761,486,0
82.14000494092092,0.39407711879882157,37.66716850648163,3.6991724712117118,423,0
79.73237624573545,0.20175126064616902,22.880214237749275,2.9409634060721066,460,1
74.27171087343127,0.27753668500029754,28.666738353827927,3.568109306816733,150,0
66.53206281931595,0.3550052099024552,27.853777898506692,3.5678861610326305,122,0
59.851527753141355,0.20316555451363644,32.942766348853596,3.848886060514826,143,0
70.53485047932979,0.310537550614596,22.009378240581263,3.1770940222111506,477,0
83.56398794323472,0.16659745050817953,32.31086333040972,3.5136966478740486,188,0
77.14093744130204,0.23986323560487863,40.12154811643426,3.9844955509616526,254,0
62.542612212880115,0.33197819341425366,23.184129977035948,3.1147074969198907,67,0
76.73180925851182,0.14070062664683305,30.94853083805198,2.839487925740292,103,0
78.85317379728836,0.3440474737960399,26.690089111016956,2.7359969898276706,335,0
66.16142563798867,0.2980362201073319,32.12943603096518,3.513813608658399,158,0
76.53725105945527,0.3552489954417148,30.09573888707876,2.735054937582425,308,0
75.58208718446,0.32239141340646615,26.79256545477845,3.188304284118623,361,0
63.57029702169377,0.4364140429973844,32.43936142435537,3.431193956111688,408,0
78.57787360348283,0.3125224502647907,39.021740548933714,3.355552661048974,299,0
80.60784526368235,0.2570594458874747,29.045481041363505,3.4276334592552513,395,0
85.83051243175277,0.31222975030322836,33.59878971074091,3.366686956740256,89,0
85.53802052034902,0.3543298029036388,23.53363521064418,3.683659743994018,356,0
61.22330632042909,0.3048860070325704,25.217818115909957,3.0143050857783606,255,0
65.62174960084877,0.3040591691203882,32.362031389401885,3.0969014584624404,495,0
80.1503526720866,0.22980083121932443,37.420580142679825,3.068202166418753,352,0
80.1378595091221,0.23370990824490517,31.7780667439283,3.549057543558783,219,0
80.15047686306048,0.15973947282003062,28.434709847384227,3.5701195765185187,8,0
113.52731490654722,0.47495767431869396,29.99645702711677,3.4353675957955523,11,0
80.70890510693167,0.17561367646087148,23.747961330151412,3.655048100066978,324,0
86.35565640180599,0.23070948022040927,33.022576631776836,2.9465877397870854,437,1
84.54001763493203,0.22815927344308023,34.41166531161704,3.800167233465341,243,0
81.51391251305797,0.38949243769444414,27.7395483358346,3.7569715865136772,181,0
71.84730755359655,0.2705050321707972,27.649789261202493,3.520686599173724,283,0
82.58969220493267,0.42477420726737336,31.329391148260243,3.8345396726313177,311,0
67.27174785462428,0.23265093757561311,27.816401319797023,2.8030130376966675,98,0
72.63181393259991,0.32789941622238017,29.669336926870887,3.1426655591212045,196,0
70.14636452170896,0.21646529467402426,40.49860894583258,3.0794089617954143,481,1
75.81874139386322,0.5145149127773389,28.76487149627002,3.5164437971272027,365,1
98.14658566673509,0.1812401580970487,28.20829923989389,2.984957778119356,225,1
56.32734807408252,0.3309820710227027,26.762290971824203,3.5272485448012456,332,0
81.86260190374513,0.36337768809320986,33.720959857499686,3.7111608431990137,102,0
58.87284128810349,0.3413799097451498,29.093879133909486,3.5085608700251996,105,0
70.28068134210567,0.2814712341122292,26.753134808392872,3.38512530709845,364,0
85.88950596967366,0.2870179300266574,36.60652016136506,3.003637997729775,367,0
75.64280019095463,0.30438114719791093,37.098015022568184,3.0459447101623907,57,0
64.22255222070694,0.28529979983715115,26.997882171306475,3.6748856715889997,77,0
67.84696290740033,0.39638791167949095,20.66730024319692,3.5338047011715994,74,0
81.79597748934675,0.5210523001591352,35.03756844918461,3.2882941441867364,41,0
67.69633368282864,0.24425082149921662,26.57685087119998,3.1746271362702325,421,0
77.16458589581976,0.1630197020420922,33.953127995813844,2.692257638066587,323,0
75.45571839903813,0.2911717951648745,20.149480911440822,2.978744274394668,180,0
68.48399652394183,0.5579709337654318,34.462986691496546,3.873425726141917,32,0
96.43944089325325,0.2196325432030269,23.944140353596094,2.9158633286992597,70,1
81.33919022318011,0.46391168054440673,33.653820595332625,3.356843946366324,55,0
54.74857413342393,0.4677700814076441,30.071365339182172,3.6022331919585593,104,0
76.86454314769428,0.24464117582920053,25.230302903016778,2.923523199599312,199,0
68.38213535231613,0.3568983079185275,27.964818435366098,3.3554131424343248,100,0
83.52433334796224,0.4628396623128538,33.431592284783505,3.5813746612531965,255,0
67.07479261567299,0.2620872259012513,30.52947226557617,3.3037497965721747,306,0
73.85263558533102,0.2796419639897638,32.92206490236242,4.1605209167000305,73,0
80.04987278980457,0.24183190860513562,39.88220292257743,2.799420222336541,170,0
83.65755194170121,0.1985243269307133,22.178791941444743,3.6176185589651633,376,0
62.997035929442234,0.23507224549339928,38.08606287484312,3.2481594787810604,142,0
71.65498764159051,0.1776059733237743,30.521779687616064,3.5315760464510024,165,0
70.25054688839043,0.3034083468259226,25.50607975838436,3.4323921455097737,398,0
68.46670767426288,0.2230026768941358,23.348431871305053,3.0800531408670007,260,0
92.65454240281096,0.32337859117907475,29.054398046114834,3.368698917737802,220,0
79.04981710960955,0.14441043537963724,34.6082505596223,2.742629564580514,82,0
62.391160456649544,0.3330880232214457,29.362254398112327,3.480974250171418,181,0
84.17861947054776,0.38335289616089246,37.55577465123674,3.3894475397971577,306,0
96.22156197012633,0.10062643574285443,22.744121549742204,3.4915980505929305,9,0
85.32465260551147,0.3374056569847572,29.939555260769726,3.6174354975261447,395,0
59.80630034045987,0.42276689924732924,23.738032777934404,3.410285952062913,3,0
70.15765927133748,0.17903589813087945,31.81815941312484,3.3444268259394825,350,0
87.66911149186623,0.46725723868377034,34.4344369504865,3.035679499001612,401,0
67.92330534381219,0.3419019009366045,27.896191031594732,3.0863337709052847,335,0
79.43819428146229,0.2294988144241591,16.97893071686433,3.656020386053199,487,0
82.74634053429337,0.2944230922342294,30.99474073398247,3.7309006217117933,291,0
65.73069528421917,0.3558326912521722,32.18369275866755,3.2285668691063836,280,0
74.404746439382,0.30760053914124114,32.02147377480849,3.313800824175982,214,0
42.58732659930927,0.3538755992446369,36.17891095911077,3.02861568750187,459,0
64.7561235866571,0.20793264069206335,24.644731601754756,3.651827053580233,97,0
72.4743184860684,0.31693608240360777,33.40108052725225,3.4996250471075334,419,0
62.52216818035151,0.15862855030950196,35.962537562389876,3.882365230939125,100,0
91.32411303931636,0.28887739386512995,21.107062079967417,3.036503076846078,450,1
60.69858622039367,0.209609235853521,31.598259129594886,3.1865976302945347,8,0
70.59955513303017,0.22644700574102333,27.479100844961643,3.3694337767576714,60,0
76.30740577286092,0.42360931752104375,29.59238663449177,3.493946861317731,308,0
89.41273289066116,0.4091310120594269,31.738382417691682,3.23529970873571,145,0
60.6413784882056,0.3609138120907177,27.56385717943224,3.0381116728638897,426,0
86.63163752154959,0.1907687235327421,26.62145960419194,3.5644222586770713,418,0
75.10233061019586,0.26835915503051977,30.170762087440124,3.516340608763674,62,0
65.18491348952048,0.42130976999791836,24.563770305685985,3.0251177698308824,120,0
79.6210347426327,0.3141716913639905,24.570874355574073,3.7066328403316486,225,0
76.9905969557347,0.5319329539981694,33.396866414782515,3.651059612758981,104,0
68.99783122841205,0.3393317839394372,24.25602982420672,3.3402889491743375,461,0
75.69802084990019,0.31920491164900316,33.331562504546056,3.323879358712811,259,0
71.14686403138239,0.26908835357974986,32.31295646426975,3.466217331334772,348,0
76.13517345251248,0.3133540904782282,21.370966356047017,3.0414890789231226,424,0
81.62130674521046,0.2847530163619456,26.612176738321725,3.3090094437492246,254,0
90.86016816145352,0.37081086766885907,35.97054701523686,2.6542849366172456,428,1
62.62184501173151,0.3956702316794584,25.09417234430159,3.5629366936508804,433,0
96.33033374656267,0.22140105394920503,27.677978688453063,2.831552033267442,206,1
55.47912200477498,0.1668767046442222,32.31030446625948,3.7510259485286994,27,0
73.48214904964416,0.11637946268967031,33.91695254641298,3.2009639718100646,169,0
80.88317206484577,0.35079913269125435,28.74230556977752,3.2364999054206467,335,0
77.80991867735032,0.18966333938261262,27.01244902654179,3.111679828174648,75,0
68.77300480179406,0.08471094070475169,37.11184930849254,3.213588337823377,115,0
72.91877749642725,0.3388578604530964,38.6944983189879,3.725559403544411,68,0
70.06999065341168,0.5492999517432791,34.89429025390898,2.553657403039476,353,1
69.10635243055789,0.29939290884601066,30.42659071282512,3.6830896158264563,233,0
83.49602097021025,0.38384907744516417,25.95867139179537,3.4014070443305124,0,0
78.57015485965047,0.3081829358547565,25.847777967217173,2.937893505642835,166,0
68.07090404739346,0.2901110346808857,32.61257052632879,2.9774062820852283,351,1
83.9959987543325,0.39190764829877683,32.091991104443416,3.8029179081624607,217,0
78.07299520876609,0.27097254558113487,37.007992964732146,3.0163479360171803,272,0
83.1286211883896,0.3267392314071903,33.25225046268069,2.953994846821212,367,1
81.29628841923612,0.33216978061960134,22.48459849120091,3.6411943627094185,250,0
66.71004989077927,0.2331909546356951,35.25973808861459,3.401565862885774,346,0
69.3981895980303,0.39920423495365226,25.009696863427934,3.01862232703908,343,0
82.47293605123262,0.2825040243304591,28.08014364023824,3.3649874926213856,418,0
81.10370265433465,0.2244254840507155,31.251001031258472,2.9922741949079166,173,0
74.79098406035853,0.35365098435704034,39.978337448919824,3.6302464195267814,169,0
76.17327383308782,0.21015320182089625,45.549592780026806,3.61841128946194,245,0
87.77664895788425,0.3028181157369128,33.03361529568092,3.459601859646583,422,0
69.0842861116417,0.29908810033557964,29.084016906398062,3.4084983183741047,89,0
80.47097381170038,0.4085895565831578,32.67252824240275,3.828356437460212,48,0
72.97807347566106,0.34746982328799525,34.43827712936918,3.2999058982164673,445,0
72.82318796772779,0.2974973041254856,28.396661872214043,2.9454377623737593,293,0
85.9877685198719,0.3817766299200287,38.97605677956161,3.4348421738496917,406,0
83.2541634898803,0.4390207549017313,31.15035379595701,3.925814114861134,149,0
83.13509636000639,0.35578103063518624,32.48871544545697,2.995572152044244,131,0
88.05478807154329,0.30103526198433805,33.329621260272305,3.1915611699918043,432,0
75.21003841632759,0.16881637676498404,32.10793305307228,3.4249338114304355,58,0
81.81952971294965,0.19348863369246272,34.194702502348065,3.2838285452982783,456,0
71.89733243406543,0.26947752956453325,26.913734067265384,3.0053089258868053,323,0
78.24166352488442,0.23904877978407169,27.208491230269846,3.636557356869141,198,0
73.69856945632316,0.2813028697014554,24.499228835141526,3.9960122166051777,214,0
75.96995964992718,0.3056649924897107,32.19750615310113,3.358839437707172,385,0
80.95157025436913,0.3529692754356731,33.89468251756057,3.0287795130791997,48,0
66.81779316766527,0.2929501221940909,32.28886433075943,2.835311842483957,471,1
95.9238727568546,0.3486501643826202,38.37246216673769,3.377392794366354,231,0
64.93982618500299,0.306447441481012,29.97201990585477,3.6311632029948773,246,0
62.85811387212268,0.10245334336461284,33.34370827796256,3.4425503239486144,381,0
86.58110873500068,0.20606646061812456,24.54149561930343,3.2992788477243438,478,0
82.91662693962935,0.28559124442783845,28.064501487627997,3.123218504463208,238,0
81.24119817052156,0.17903052571588923,33.47768878782889,2.972350910184573,414,1
81.2834550926428,0.35999287299962046,34.24551055371572,3.5504253978974645,366,0
74.87753227153085,0.45307508323436974,28.530165261679088,3.5741314864156757,167,0
66.02745628514168,0.4218761851697317,29.642003740709665,2.83628106399278,47,0
75.75804558193727,0.2786557129069792,22.410631266595953,3.776951693454205,50,0
68.22838288487888,0.4490726136849952,28.214853995966955,3.4722213662682,298,0
84.7511973341775,0.3148667457202111,34.45191581759893,3.7198783935437376,97,0
73.52942618497862,0.2662914028881961,32.876025080532834,2.8973616754544653,438,1
66.74502803207488,0.238659733645906,32.503328606906045,2.890252753375368,215,0
71.78614158347007,0.26975303135118717,30.2488684359048,3.2553092070698106,176,0
79.12931454275625,0.2611823181458771,30.03531579314088,3.450835328068558,379,0
69.36275447196026,0.3170416222375488,26.698394302632764,3.8389082468780886,473,0
66.77779604433569,0.31605739810498645,33.49414210101267,3.5118236741445394,79,0
77.43687211491913,0.3003046020153414,32.104864721946946,3.22719561695639,184,0
77.44966571108722,0.34369381697463497,32.46009423996399,2.9920892377002324,366,1
69.9305682462887,0.41906462747863416,27.369825786662098,3.669000171815745,460,0
70.28961694381677,0.3949554135441324,19.23328540064378,3.0105883722747855,398,0
77.32049937357637,0.15151020315500963,35.485763558768475,3.7885405664316965,26,0
60.51915658502676,0.04460788650980452,27.605812719957978,3.214684605118047,451,0
60.92536225623445,0.39343199112392735,25.686121179784397,3.777174621785355,463,0
67.81555778747564,0.16331213015845789,33.46739455956997,3.503679387017783,447,0
72.86552848288153,0.2775234598107316,28.03993680040435,3.2589013531672624,477,0
78.10907565598005,0.18298869739406404,35.29968192023311,3.1441810884521617,491,0
89.75356216949552,0.11980195624199802,33.08502974788349,3.1977276367961758,413,0
83.5765962320202,0.3541462728204788,33.417846616002386,3.428495007712571,419,0
73.40061470036574,0.3759155160302647,23.170221443997328,3.3231469488653147,194,0
74.80983792097311,0.24234895992732805,36.059719926932004,3.121856577579388,213,0
64.97470635362191,0.04089577078550899,31.30625265616928,3.25031057690471,368,0
74.8148686400761,0.2453755551747517,28.153614303768983,3.323573108915745,341,0
72.11341361079862,0.33918040054025467,30.716942336711256,2.661379771675556,113,0
78.22718560338089,0.1521088431225871,21.1188238355084,3.4374504344366095,241,0
66.72769056447677,0.31833599197791557,32.043264057403356,3.006083632584958,123,0
80.19346514241172,0.2984690150827004,24.853142459089643,2.9540002790382762,304,0
90.32738913002578,0.35792914996010883,23.23664857078233,2.793796695866787,75,1
73.91239851543142,0.3119580368414153,22.388204068910547,2.7618322506396327,310,0
79.01711722098942,0.20269310591184442,35.563441874949625,2.893365749066313,468,1
81.90143991711112,0.4196571501664491,26.853683031536058,3.087293712710853,311,0
70.98779528114164,0.284147042697303,37.6686385495825,3.88597774125797,195,0
77.24092481810416,0.2972695460490068,27.32099268473851,3.1422360972314385,350,0
75.12592400781794,0.20667320409268036,21.463210212035264,3.3533250318804093,43,0
75.97676098548831,0.25567177488084897,24.417377800256705,3.4201444159518983,414,0
67.26990216144533,0.2115197285973099,36.179058100034695,3.3393195558647544,185,0
75.24510174258943,0.2827053940076577,29.220509110316662,3.2767669617822017,342,0
79.9799829124545,0.47117084801423437,27.258563517546996,2.9414118709202266,245,0
89.51143607795042,0.16280988570686436,30.80009112926394,3.7352782644837634,436,0
84.59270826085206,0.13864386021232586,32.50891368083772,3.842158993091365,83,0
96.53182457511556,0.4471170327493609,35.5869940795123,2.795202391763194,206,1
67.3265243711195,0.27906763228481335,37.24249614946463,2.992791422734086,150,0
83.72320636720679,0.23309272613400833,28.20115677105457,3.216056897286898,155,0
76.83342005738352,0.40399046873960764,23.36976156958981,3.0106386615269423,15,0
96.89802933217672,0.2394384460263136,27.93267419438362,3.4517896660367593,164,0
66.91701714644849,0.4826009713546936,31.30140253291443,3.081518339278016,404,0
66.60278157819224,0.36779258713392693,25.181205368946944,3.9495168203419806,462,0
69.00607354555977,0.25120885918542973,25.214245425524787,3.6571645783030786,144,0
53.76104275690193,0.5157308213265503,31.718939407749428,3.3637722091896642,497,1
69.74244978319238,0.23942850769966614,29.756738242147744,3.6080958789959197,36,0
67.40867338446301,0.3742095372009307,30.163984977057932,3.6317701273071927,332,0
76.50393786476208,0.3299292580406492,26.207523326499654,3.1308157535825267,402,0
78.4175597577716,0.43017412893987983,28.847996428971165,3.0551348266374103,413,0
93.76170839215887,0.4561511196726853,25.378834278658477,3.323442918890894,44,0
84.5042383818605,0.3032004149065767,34.450992055623935,3.558490837349383,401,0
69.23096344337597,0.22465821296538163,35.17624667361876,3.3417181195960253,205,0
66.01585328651642,0.3459972142939116,20.76906068880953,2.8269010553427005,61,0
79.91919171506505,0.2322284630247894,25.35244569903795,3.059152666814747,419,0
61.797667929793576,0.5013387247526623,22.517353724549604,3.2778081409216866,355,1
93.31458765854353,0.3136535331082737,26.74988032796551,3.2773003187022507,467,1
86.79440120721287,0.2634678448687891,29.582810151048196,3.8917626530369422,307,0
70.30824347895295,0.3184680305864908,22.75177390150735,2.8842036172803005,18,0
57.868654709091224,0.16528737104703034,25.390700934373434,3.451676772550762,364,0
88.53872374165412,0.20283859614893485,24.980213139592507,3.7467339324984867,299,0
73.85460154747382,0.4200413907944425,31.03633664699472,3.9814349236268387,6,0
87.37816311973462,0.2343105721028604,30.34672168518125,3.1786807730448112,248,0
59.05572341205633,0.19530890173180604,26.391312233313734,3.44742883581606,427,0
69.00624977046228,0.3536652752527286,30.88410436069699,3.470928107159594,116,0
75.05243699718183,0.4185704154662997,27.266599577063673,3.358644519465987,67,0
75.46980593764742,0.3718953310665067,28.641724448369732,3.270346439628208,33,0
70.49934528520757,0.39960476858058164,38.36726045149268,3.4307926168500136,193,0
81.22849932347499,0.2243204911430539,36.70230525895174,2.540326174434094,324,0
64.32379570617405,0.15781893332581562,23.502093815362013,3.5046208470187894,54,0
73.57620514978707,0.4501333651955487,34.14866208939587,3.33785337109859,265,0
76.20295631711899,0.2677320161157864,34.05698277245796,3.23325753096652,479,0
80.14438834058748,0.2749166983544953,24.25868355623691,3.914058658715867,41,0
82.11614878088889,0.43281941418490577,34.0938882187743,3.0975197943628343,296,0
63.75357908162131,0.355623000940066,37.68965959206277,3.1790772032804906,460,0
59.65885829264378,0.3455887772081607,24.38727596877793,3.89746599066142,230,0
87.7767682189851,0.5165002344901084,25.412485894928682,3.050381608545043,452,1
78.32314011979592,0.2356481769619857,35.08830733421751,3.134965415119038,377,0
67.51513463443446,0.3927840128081237,31.35747655412824,3.2558923729707447,393,0
90.51151975522524,0.30570131248970844,32.757381376197614,3.5522203446388647,9,0
76.15674634292859,0.3268592278863257,31.702946082002484,3.362340752205994,357,0
86.79297184063826,0.4528468426412532,31.95347960464072,2.912212395854321,474,1
75.67518481410109,0.35078357562896234,23.367639358444585,3.140349431061843,443,0
95.60747924881987,0.3538296079049633,35.23658853310724,3.1177936700363365,127,0
92.55340842443204,0.4072507337309802,35.84794996213887,3.2768336864330863,178,0
72.51035851520926,0.2635047270457115,28.85304627965986,3.4277530975889485,404,0
84.71570950954356,0.21607903326609934,29.78261525093069,3.4254617267663914,391,0
81.45375949585147,0.19551908059789663,22.34446248722139,2.767196473785479,192,0
88.68631557532349,0.1033643410623998,32.57127378008917,3.6191822962682565,91,0
65.35076539419896,0.5056207129940322,32.86028720857072,3.3757706537989867,368,1
81.8605145999844,0.18967916342783167,29.689044915003446,3.7153596142781717,230,0
85.58424486849587,0.2778746376414228,35.621766799352514,3.4332594981872013,77,0
57.41260513576886,0.27231867001110793,28.329613845100297,3.6303968873207286,84,0
63.16741487334225,0.33074066978091005,32.823029629468,3.439963593435038,29,0
54.607678222398995,0.3815737212539297,24.901678306539424,3.703867726860824,212,0
72.30593165555442,0.3860473488359745,29.88223924562881,3.4566751908053335,48,0
82.17542255795962,0.24169225614310613,29.12822871048582,3.2706254260671286,264,0
90.02357052096028,0.2832878286213588,31.12653961020471,3.9817304161340643,144,0
75.74094780419775,0.32825799504882996,28.152365355833208,3.5667111366839674,68,0
91.28615545571292,0.27513088738164526,29.34263702164166,3.4721233263013236,57,0
61.198985417851084,0.4607345576019993,34.13023585720753,2.917108675038499,184,0
57.96617560644845,0.34909749516382516,27.81617881380891,2.9135077147609385,61,0
74.44452301103381,0.3734877786049817,21.967114496306603,3.387814644642556,478,0
78.84065448939307,0.3662881268667413,38.7479195210271,3.3436563593304722,307,0
74.67305251905907,0.4173473857485325,36.907270393452436,3.115763230497505,444,0
54.325578999601234,0.31810215587037066,23.538686524471906,3.342294809883618,295,0
74.10879960487212,0.17031680520441533,33.44853902622597,3.7765880784130785,165,0
61.95530499495147,0.3399687951752641,27.485126147243285,3.5086207423650895,170,0
81.69672548830039,0.23486431062081708,31.317436076655298,2.957697447074178,62,0
78.66598246096848,0.24713833182502432,31.47112064506747,3.266547351857117,146,0
65.60120213672644,0.3586364018755093,28.82796099841839,3.0585100557442315,483,0
69.86133082663306,0.42382830714336356,26.081171672068017,3.1836900250774316,305,0
64.40786478111049,0.30212715767360615,26.547294738418703,3.175915300311107,160,0
74.37320902726829,0.33088330125989635,25.41904042259379,3.1567063252187983,140,0
84.55142320501238,0.4702214944635238,25.840888958847778,2.9234593884079816,333,0
65.14273953664457,0.3240753179488568,29.664108549753223,3.261703595544543,96,0
80.04046515517844,0.5601683114180395,26.421200054446242,3.131817708945807,445,1
69.69742381627559,0.3565509645631544,33.4102603285631,2.4211653929993195,220,0
67.07127167737656,0.12392372408441821,37.436230776679636,3.9158916073504986,42,0
73.92969640045442,0.37533416211045323,27.099733793149785,3.6266308962650013,432,0
64.64757677580626,0.33811583848827775,31.197022502676884,3.187109782522501,291,0
69.46350694652818,0.4289752754082745,32.49842555151467,3.3056457149221794,377,0
63.021221074111516,0.36731813512699585,32.360011354596374,2.9485036958047313,107,0
94.6472513291639,0.2861544016016226,30.379776339580438,3.8087168633432595,265,0
75.35263551971728,0.17757017637106343,33.71341209179861,3.8691866084319333,94,0
68.00274492007415,0.2790976742713975,32.41124476340329,3.347008118473957,261,0
77.13979910734221,0.21494795457906996,23.81168788836351,3.607059193255603,312,0
73.8767195030917,0.24194765501952772,34.345780321946364,3.352586033680177,384,0
72.79030400466777,0.3588578404420609,34.43645418633371,2.8989823683372204,70,0
81.14166700043425,0.46699045043514065,26.183569479107092,3.176452989310903,441,0
82.57507710047305,0.3394671529822981,30.18968917723801,3.339578390031587,218,0
69.69498852389472,0.18041169379648153,33.416644964055344,3.1636356843769664,20,0
69.2418175935532,0.3444602668220141,28.953430902103193,3.234404016769489,91,0
72.24948302848355,0.4196631486645651,35.36489023883006,3.2725801327472657,126,0
51.980788352644154,0.23902170956806176,41.8193624730968,3.2757364506403612,79,0
59.84808937801448,0.2865982833327082,26.070069836825088,3.315677547149245,311,0
88.66874267444524,0.3014688194729197,23.094776984231125,2.9818184800810195,237,0
91.44967713501283,0.22151016869177598,31.51909297802438,3.084895155261619,470,1
72.50963960443622,0.3648280433843859,33.60781252563072,2.914624720290009,371,1
80.76556963055766,0.2879051851392218,28.845668130776154,3.59334466490586,403,0
78.11250154543536,0.34195324439070274,37.266303316605175,2.6683059174479027,485,1
105.78880808455239,0.21125078221979,23.306971001383758,3.6460771029950774,181,0
86.19574911434577,0.25625416996765893,33.46459311515805,3.715904819178853,24,0
73.72082408519233,0.37223813578277715,26.970695896205534,3.2093458239052133,155,0
65.44459559399574,0.2627166847908233,38.59688953103648,2.5190588736518102,4,0
58.93553679742428,0.4726963851233405,39.962576765840595,3.1916068314098127,119,0
77.03463635867223,0.26003638143853974,26.16671706108326,3.280744751613354,276,0
67.43649254715697,0.32246847257518857,27.2522143204571,2.996820534021326,17,0
60.77746290402326,0.39325908318730896,34.29793943489901,3.145434481857527,430,0
68.53427115757474,0.1581634267066968,28.064346751052426,3.7590585596590054,197,0
64.18451996385605,0.12391911880192238,29.77294391033881,3.499478148690522,56,0
91.87141635072564,0.1474343685429905,30.12694210271205,3.0226307656865696,92,0
83.81639756949451,0.42625841034271816,20.40163421901172,2.8207202491213703,18,0
74.92027358683383,0.2448141854107553,29.930811269528814,3.2018948047170683,383,0
89.79944138890026,0.5558199285668253,26.55136112967913,3.2359629661948683,352,1
75.77368307647619,0.24357524013426113,27.53438588800114,3.4488597562089947,192,0
66.38715798671737,0.3184551303197037,37.21816001734407,3.139404986229702,236,0
90.23124077269657,0.45421099525678754,23.717465528603718,3.4534498726085583,386,1
80.38910043684659,0.5006092888159123,34.06602593373989,3.8805462120180687,425,1
64.62753845673544,0.5061503576636398,28.605185348340957,3.5446503067332786,276,0
73.09661321916391,0.42083662305931424,28.601199157520828,3.285573447800768,226,0
66.24381746615242,0.40240625258114626,33.951859480258555,3.2450548586840116,232,0
61.172002690356635,0.3592526949201183,31.70025647284445,3.1929980597460386,39,0
84.26177547531641,0.37783610761666375,32.85306498609766,3.654192273735643,322,0
94.0941664047013,0.24488142836714666,34.84092330266431,3.111805966214609,152,0
61.01432426180859,0.21818011165776927,28.343458084083387,3.3135668126999946,126,0
80.62969236690572,0.29966255425890476,26.938816327461247,3.3153593705643254,236,0
68.49357430878173,0.2829815377475071,24.574247367211008,3.1494647421565403,485,0
70.12874616235304,0.2546771950672725,25.872947350105225,2.8882603356347696,492,1
69.07606075761132,0.36963874474567154,44.745472126543625,3.3968923510853,54,0
66.36009230320184,0.3955305208570511,36.22339790368393,3.2816988084433847,467,0
75.48521627944827,0.30884068862918473,23.244628168959892,3.450072140830971,435,0
66.69049883588963,0.4477530081055262,23.38771021628215,3.13991990806825,171,0
77.70456825779839,0.18583108858664948,32.40933030859246,3.666246389643914,108,0
74.49761890550863,0.2806340540720282,32.736323986889836,3.0369678656364463,353,0
72.6105195313359,0.22831776793971947,32.744419176586824,3.8136120852053677,468,0
65.92436337958402,0.11334633829269397,28.72522103223151,2.7757090470515213,183,0
69.23228669431667,0.29173193141573006,29.372728699985498,3.430431019367067,438,0
82.55391225825755,0.2878252491616716,31.639397620796785,3.4426292047579867,367,0
80.00917187624381,0.4513449743242131,30.429465031466652,3.0613328796177353,470,0
65.22444755201448,0.3630811684554778,18.903498136262325,3.4273181813583036,197,0
75.99332305429226,0.19758131756707947,28.85100184712403,3.6838556009280476,370,0
82.5138712337179,0.48540925663341883,25.742967828698433,2.6349543481937805,372,1
58.305947188786284,0.4221033695525353,30.87605709454256,3.4508234422472444,460,0
80.43360192379934,0.3582097703468616,44.926295013017054,2.5520187539009767,496,1
68.37376241054153,0.2773515901150168,31.83740832737152,3.0103005589430376,86,0
80.70598668593159,0.204056076327652,28.43235156913801,3.7887499094702832,200,0
67.36740843457483,0.2627793223928947,34.60900750988626,3.1254653899823834,336,0
56.95117899335481,0.4088748619704186,32.41343943604606,2.947836010677308,321,0
58.72457562116837,0.4884586305934609,32.100472452259204,3.2406186813045954,274,0
75.48084946661382,0.4543243528272189,33.034252966078355,3.9203719014490654,210,0
77.59722501721483,0.25111505782137256,40.28271782414771,2.750495325838192,390,1
65.95683374895592,0.18803825667109886,24.34555782337042,2.9846070265081965,117,0
81.38592458777374,0.31408862469112037,32.36816038405727,3.7492295049538877,190,0
58.3847993773104,0.12315606344371482,25.368094350092306,3.8573107030613194,41,0
74.33920201352683,0.33231677141847815,32.77756323171124,3.2689706327129144,41,0
62.889838002375434,0.28523974137013314,25.40656744256953,2.928284189242007,314,0
68.4816389219784,0.25339634981317577,27.91316593197458,3.9287530505427473,275,0
75.47398671316414,0.14052969327332043,28.524550428810468,3.778332717524759,328,0
66.39586634716048,0.35136001065697164,34.87908359672355,3.5036840963286697,16,0
71.15444455770175,0.24672991603380884,34.59227221971207,3.056279295318774,282,0
85.0629280921444,0.1830083164289712,23.771413117768077,3.285291197748589,430,0
69.23108130476851,0.012773778671835045,30.274670554999243,3.2518919756865508,257,0
83.35692112065142,0.29724850949493636,26.452100726254137,3.3992553913846733,62,0
63.702931453423815,0.47722515966697443,23.707475446623327,3.7353004314394007,61,0
80.29804177915283,0.466125921454787,28.914914747878147,3.563825112341221,99,0
89.41568620657901,0.2542903743413728,28.457586057720903,2.976787176904572,18,0
50.283554998727105,0.23977879396382193,42.13358243172761,3.712948935005861,16,0
67.03104744529523,0.34687742560750234,32.16479912680348,3.3939396420039465,324,0
80.7707212718054,0.20016145608117084,23.111912496228815,3.5061197387576746,422,0
72.96954613957007,0.33017918998194656,27.176129979145287,3.7399622577835805,465,0
78.71145873371309,0.37660802783846903,35.106916477146996,2.9665259251459344,372,1
68.9601481328418,0.42269332238843077,40.442213864349625,3.289252326388061,245,0
75.865897874729,0.2899845923520047,22.070083438810208,3.1405636345922354,250,0
73.44322764607921,0.2796326249823034,20.600378074304775,2.829642172390363,454,1
86.67782061659807,0.21220174132434388,39.35482587685891,3.404012993281476,80,0
77.54420843301213,0.21731196459601398,31.94807088685452,4.053466965475327,38,0
78.37602662075201,0.27735211080984734,25.65853634061817,2.747976676648274,35,0
70.88123033877532,0.3367365506816178,32.67314543061217,3.2903158166851587,423,0
70.12393775927507,0.39135846262332497,16.82126130491561,3.492162880522432,428,0
70.6744181218038,0.2196821049319655,30.016877532985806,3.336923460496854,387,0
78.94452142378297,0.4492688568959522,31.639105864215427,3.2660615842452776,485,0
70.79015519179737,0.2728876398957431,34.62135069768915,2.9102350909662524,408,1
77.89774856896413,0.2978632705651564,24.930520238537312,3.369836022882049,196,0
95.75400798645438,0.22527883208521765,30.428435807016797,3.072970806895222,157,0
83.71124703431693,0.05757597397270581,25.37287686970206,2.643023488506434,203,0
71.73976467832159,0.388404539636105,31.276918778371584,3.658377666154119,195,0
87.01213922163944,0.37368438970924334,25.52326838818488,3.5875157459526124,215,0
70.91924626978448,0.27186724428817866,27.959495804198898,3.315498293055324,284,0
54.61875464822146,0.30669907172248717,25.020923026048855,3.3687224064617105,456,0
64.91913689082595,0.35159392177040993,33.255681209118286,3.622295403814668,195,0
56.29208078974145,0.14374541431134572,34.29225558328333,3.3673018970334248,306,0
71.48486515958692,0.24709473226537051,28.826897150212933,3.571205266428394,151,0
75.18418379189552,0.3794264679621827,30.191189974800142,3.2107553397378448,13,0
91.76437312275283,0.17457105768307504,22.75704292683228,3.6935951215721836,324,0
78.26927373764163,0.3293557932166629,28.501616759966065,3.396235717779805,145,0
72.80899471191135,0.16434181953765947,29.748976914791275,3.358215583081762,425,0
83.2940558118349,0.34664299824335265,43.103965455149876,2.9189816733863903,56,1
52.88864690992115,0.2964358517702516,24.440164871129184,3.3860867562905126,210,0
77.35614558108566,0.13848681840944904,37.320886193762185,3.0504135247516646,267,0
82.70865193886966,0.41647393544571715,34.98429386732904,3.1085151820414514,209,0
60.214137542201584,0.22654084232019506,31.403182022450682,3.0553873115051635,16,0
86.43754043206928,0.2189747562985619,38.79310242097567,2.9801295204302325,285,0
78.38496407494414,0.32005691972309425,31.860527363034315,3.9374314209050882,343,0
70.84712086099199,0.41486373494287154,31.945795978339643,3.699401718596521,202,0
81.32781866106285,0.1984178181021603,29.734396734912274,3.8761102506432783,98,0
97.70692857804396,0.30616798498479714,36.117844412093135,2.9331314941333306,278,1
76.81866255058495,0.34288165003305726,35.482346169054416,3.3213761249732676,208,0
77.48220586300336,0.3693105607263144,26.871613562518938,2.911947712438771,128,0
70.40639100459757,0.3176441555277225,23.40376402700616,3.0912915368408806,334,0
66.50155630535208,0.2632972160916678,28.985096813021716,3.024561904975027,287,0
83.30335816544246,0.21724097793512803,25.999807178011768,3.671875201932468,251,0
66.43916174091133,0.30861438830463744,29.682377126923225,3.1811310965694717,264,0
75.71566237219392,0.1927860988014393,36.187190673420695,3.620513800108205,270,0
70.22342553234883,0.007864951650539243,27.71349172456605,3.481236266876555,411,0
79.78979825746391,0.3436559804157668,29.785883093442127,3.9910916256314364,407,0
78.33662105286949,0.3903934841086195,30.290113674041976,2.8561667330580827,187,0
85.375399442579,0.06370675644581614,34.24215441102642,3.6777699719360397,418,0
69.89983601145254,0.19902692952900625,18.765553330076976,3.6439322611202183,213,0
72.30125064706628,0.36191542610051974,26.966498526173517,3.0079863485918894,282,0
65.21236284217693,0.5057495469711699,31.056418461397364,3.6021400009419478,210,0
70.55706739923889,0.30207937076754077,36.00039478213431,3.4008434889078685,364,0
78.77300493044852,0.22719970587708654,27.540487762468974,3.2317571220139776,75,0
82.56988616645351,0.281710355889516,20.61723646979063,3.0528193539084,147,0
65.77834675822375,0.4374876419148185,33.09855722983068,3.084267164565244,320,0
83.6960592010566,0.23540358208754647,26.823188055871853,3.9149436287357777,212,0
88.55637858804951,0.22008079933497462,24.051666704548193,3.3002048456872446,432,0
79.13434903223701,0.25172564778179674,26.87827305143388,3.5346390004594377,108,0
93.76795812558066,0.20466713917412876,29.07737321172075,3.062730185499734,128,0
67.26210800896428,0.31226703159947955,26.976276677308938,3.0660441161335084,9,0
62.55345296688583,0.46246784584695605,18.972169714504652,3.6245954427749822,46,0
57.212797510957216,0.3323079273116029,34.48533098443566,2.89512713653454,378,1
89.96044311489183,0.27476464978737125,36.37437520639361,3.1754358696284184,314,0
81.54365656354058,0.2708188731084456,33.25760995669753,3.3102082233216694,95,0
74.44415329089544,0.14368091913033426,24.311571647875915,3.3334117805520154,445,0
77.7996862631982,0.3883109777147159,28.99254233026241,3.246272014495153,102,0
63.74510952701623,0.29221628029871977,29.96739342385271,3.418745934328777,379,0
99.45751979616827,0.28195200864093745,32.99397194780955,3.5078567267453433,341,0
76.29221181975228,0.6193107567844861,33.34170244359041,3.5203912636377988,145,0
76.09394794604893,0.32987529083656864,26.32913100610752,3.004258857399652,367,0
82.25766623898691,0.22482089499048155,30.409977782067802,3.2147534706213605,429,0
79.81009231736714,0.25736424037944566,32.28640202307621,3.6584288585630813,415,0
77.23884024279131,0.41484457091967547,37.279111610733835,3.5683941562721615,26,0
67.09525544554688,0.31132704105377645,33.522532699123616,2.888142164555681,219,0
79.71468357135996,0.1561722021682633,33.945283436877595,3.4054439701056602,17,0
93.82024496475034,0.39192289345752035,30.419133139646803,2.706532425187557,166,1
88.45420046154977,0.23318559144610057,37.05229572601752,3.314080470618111,432,0
90.93186626639397,0.48732977762175456,32.04881397979749,3.869330105023793,476,1
69.88784323568815,0.4080048065714649,25.694560449132148,3.015632184819304,81,0
65.1039517974142,0.2552678104341249,37.01684985062595,3.049703086352525,427,0
73.74213079900352,0.42810163617351127,33.48951636269514,3.529208934471858,71,0
75.55724912288694,0.3067855510527403,27.784779894357587,2.837159545437106,309,0
85.94191518470949,0.38527736751222197,27.602535163003783,3.1101734910344883,478,0
58.07535370285181,0.34847328172944747,31.48287772570381,3.4789323412745254,253,0
90.29550319460614,0.21536433450091264,32.31592397633792,3.109714245693179,161,0
73.4199210142101,0.23564501676825378,30.986461328156032,3.2292090038367083,326,0
70.7311893005258,0.40299608175811613,31.556543367214424,3.5232557130945104,419,0
64.87895624739832,0.2665224667893459,38.4997868728819,3.426463825060968,401,0
58.451433281342304,0.2596351536758003,35.35771576117443,3.3800455188886205,37,0
83.23170583961914,0.2044877420650647,30.95317795632512,3.198263316218988,442,0
75.73317967188405,0.3423599065593461,34.70655290383742,3.4110183345806866,392,0
62.10039100258946,0.5062524919243145,24.837380482362303,3.262880195970073,200,0
62.04921227936384,0.1932467085745727,31.989635249734043,3.4373416829777352,493,0
71.64215300709871,0.3024219456672758,39.04653174866555,3.1509203924646063,199,0
91.69021525289392,0.4412220555415429,28.90977052303813,3.2452293076861376,254,0
72.40408648636395,0.2920358608754285,25.761830356904575,3.003012662234396,178,0
59.96857046881894,0.34523717962497336,26.7395555570347,3.289497716998129,34,0
72.54256935914056,0.193760647185312,24.55183481328806,3.0566997409113466,81,0
72.2727643025233,0.34283070972076485,26.076190459361484,2.965786064951402,388,1
48.03113357058429,0.2812855734995451,28.147459507049856,3.3775983443566164,397,0
74.45705133482188,0.3985729995679863,22.97216490410679,3.363821932757298,219,0
72.69065469791322,0.4187386051564751,30.078091669748016,3.5348621204845716,157,0
81.96206364813418,0.5589563642018613,34.51138586893324,3.1706623291274703,3,0
93.48956094945345,0.35796331732135755,25.4612190992654,3.4224158540510263,166,0
86.26565029547757,0.33257963165821663,37.59641961820884,3.4652392716820986,467,0
72.3111130944517,0.3194384301577336,32.55396044263797,3.4334321423494782,447,0
63.934740912583294,0.26468337071893117,35.152902928120284,3.052303895159357,408,0
100.7335980324986,0.3338483843461691,26.710827230739316,3.3448090446813565,411,1
75.59218434014488,0.27045985898609703,34.27262613533308,3.409242088816398,203,0
75.13929291912946,0.3168460976269614,24.540330498023437,3.3021535400723825,193,0
74.75874912889996,0.431759753560796,34.451237504182544,2.6740567024886746,234,0
76.98084760767856,0.19934574347203587,30.859196698967658,3.3481468871920437,205,0
73.55639588076058,0.41398785611290456,32.76625609992392,3.9637593118191723,149,0
69.26337993119763,0.4317115067339865,24.12202697187574,3.191988219372905,158,0
69.53141058759608,0.2881931473008921,25.524650788616977,3.0815768706434037,278,0
74.67246729784002,0.08781451009914051,32.98614109126692,3.4120045679134194,303,0
69.56575228866235,0.23921780129055675,25.258259978878996,3.3937134631399712,403,0
67.87154217322836,0.4296994546561109,32.316031460495616,3.6578205496249243,380,0
76.06430227691897,0.2977131937701118,23.16431096769877,2.9226395532273335,165,0
72.45022782579144,0.2000697767705089,34.240871063333344,3.5194140757724974,310,0
90.0399298858269,0.24952250787717825,23.837383426157455,3.477126618375439,67,0
48.49030191606988,0.3840620026504553,32.76149968839761,3.257356038917836,462,0
85.91506851922462,0.3546733568201379,33.12815466823,3.4016061953765067,87,0
87.4608519249763,0.2761067900830306,26.516140907852126,3.608837244479507,216,0
54.2660976759185,0.26331755881853125,32.91013283542363,3.561694614008535,0,0
71.57312405919652,0.2608241850956178,31.30221131666778,2.957094206377881,134,0
71.28559134004209,0.2077589815501497,27.30579071903631,3.546047456026645,184,0
60.924883052821784,0.4615375689469442,24.95722657961896,3.2805934184902443,350,0
67.22183312409125,0.26776795307886603,20.186871541637103,3.3218622294046543,139,0
63.894241545341714,0.42171585208254964,31.748250236498468,3.321959097300508,105,0
92.52270443423623,0.45213160519224516,22.175986143189725,3.254927103360522,132,0
84.35678393147461,0.39983108981479604,30.47672099720654,3.6575122491321195,107,0
87.71555094994159,0.25683796872819514,28.682758919588753,3.2748846120452364,177,0
82.21672064043236,0.34037300903366097,33.39571387719098,2.964136161485049,297,0
63.70948228782771,0.2975804393609084,28.48977250255068,3.1819410432090813,357,0
69.75479733720226,0.20962981392698715,28.35276106826454,3.3536084150431424,379,0
79.89374561227918,0.3324359281721603,33.659353521441474,3.668764435289115,395,0
62.778721911080545,0.18209602088401972,31.675290145420586,3.48092840548465,358,0
82.12998430172388,0.4187679388461564,31.58077978591389,3.0448394163758867,145,0
72.59674601841866,0.2535382702701607,32.346337949042635,4.0455569750036675,449,0
71.25179192450402,0.32011596558728395,22.32213938396447,3.3794325932933935,73,0
82.10959968203491,0.3283287871546142,33.78394339993491,3.6826172213997044,462,0
79.4426331148604,0.27410950262959227,33.062343970068014,3.254485669926831,477,0
71.3903383418092,0.3586693801475275,24.916584357117515,3.460007773411635,107,0
86.59329803364248,0.25250963433774753,28.779597631628995,3.551840551355521,121,0
64.18936672400102,0.3871297297457244,29.803463561861843,3.6654584135262764,16,0
81.15935606944264,0.16540203197532513,29.327516077991337,3.6172104916134673,195,0
80.93101257968384,0.31263795795464117,31.669299832842672,3.561659100021893,326,0
71.9045356068601,0.49389289990582846,37.15683390915592,3.2054739806417674,317,0
78.26133022242118,0.1999668675394425,35.40883363836414,3.1284761874131815,296,0
62.488864236146966,0.23222550294751482,23.43890403284297,3.3997822530972592,478,0
84.240270192069,0.3513907849658915,33.110349951530246,3.5799384217023205,498,0
73.15097863557011,0.3179581781939598,36.644666597677045,3.233183789767018,251,0
69.7727697948096,0.33506300992735594,31.934042603446013,3.619551589714316,486,0
85.49009225836889,0.34891871301476635,35.454902125929834,3.7357850236458536,118,0
67.9565630945724,0.363472146856177,40.06135222850382,3.025103724277974,161,0
60.91538703636441,0.4109699841956223,35.11854773053491,3.048923788861116,197,0
59.433708264760966,0.34098186569285127,31.246542978208645,3.2578874823283988,497,0
81.0600995134564,0.27587423453814575,35.225442370423764,3.3922838004567586,485,0
62.19570647503717,0.36725737012027315,30.724439165484455,3.1426298958698844,44,0
92.54794181984364,0.48998819348952155,30.119515216424777,3.7056608036601433,313,0
54.18070592116278,0.28673662536174266,28.242928821431338,3.4272200584555352,178,0
91.96456368290038,0.20254706953293583,37.81706679416054,3.3118341144722216,381,1
77.11017467202619,0.41070806692869727,25.907856670289995,2.8692271428394416,417,1
74.03286888129608,0.28796188360464015,37.66183862339058,2.9052552550717476,43,0
69.5508091319105,0.08273304539859636,32.49932061870186,3.384302775084542,270,0
78.9913611435207,0.38474216771504216,23.003469125990293,2.660221312153549,77,0
74.62365297575151,0.24646718140460772,31.83824646495711,3.6037912228932214,325,0
86.03301882016521,0.2909466717695839,19.49986746174188,3.2525538466883037,177,0
76.1422764866204,0.33319803305690143,33.12754008415518,4.27292789087842,356,0
76.50301761461877,0.31904996797790663,34.42615741494495,3.992374875184833,497,0
71.36387787786144,0.37094518171390395,27.03822022173973,3.245565279225745,415,0
74.43054376278933,0.2564513629430156,30.617738479777913,3.2680988992406053,450,0
78.0780176889206,0.35131057981760827,39.77078716875143,3.5986744542006086,2,0
57.89831607343375,0.27404533224160826,27.471266478690318,3.810951782975411,213,0
61.518145778942866,0.3738810480887503,24.705462064716997,2.8085912827691946,341,0
82.43264094022715,0.36153674840130534,37.40831701231299,2.764087360393594,73,0
76.70865438127942,0.20645612979554046,39.81293595265397,3.1133895583336852,50,0
73.1601666364732,0.4085982116175032,30.018478359239236,3.474821274952159,66,0
75.18433933065393,0.2464036554885952,35.05731517704178,3.449062077152279,331,0
78.47581705361671,0.3808057798281145,36.70737957765441,3.620931436495155,92,0
69.60240319690638,0.33672873134013404,26.28757883730808,2.9400907414904074,175,0
67.21695274597687,0.48381836767951225,27.57347082316066,2.605156841109337,144,0
76.95845255097682,0.2776534017628148,36.15437256577368,3.5574042585906436,6,0
65.21627222384969,0.26506832038818023,38.425071393542545,3.0515411181104293,268,0
79.08252755714472,0.2980580394112267,32.81440430087177,2.6944536406834083,375,1
57.9741639576216,0.26968202171657246,25.60092823248973,3.3435191237878144,321,0
85.29155637325644,0.379994190194205,39.935305558497205,3.537952706465603,3,0
79.72597482413043,0.1383689391563412,27.345145510940178,3.263382860363617,137,0
77.56029734313876,0.1946317580853646,28.32431109414274,3.162645484145253,230,0
84.82690983945514,0.19321970784208067,31.711689172448107,3.252191330356228,87,0
91.65474444462576,0.3950307591973576,37.77080210357387,3.188825171279765,16,0
85.1437006501813,0.47106133725819255,34.26987988276112,2.8955858664179495,51,0
56.59125768668355,0.28955507814625286,32.07432750180955,3.0855957969028704,133,0
62.204230332642986,0.2831178276809989,32.31644265059053,3.456383971504144,210,0
68.75181422304321,0.3070052163113181,30.21757334321733,3.39650356241295,324,0
75.26091050210833,0.41618783026081907,32.790697572592535,3.3504179417900457,479,0
80.17659020469122,0.20726468658094258,17.352199611528484,3.001455455443986,457,0
67.74256186846534,0.3238368982734785,28.516962704651007,3.2455490513592995,392,0
76.86766764477078,0.397519762978243,31.206609674583905,2.6468804860671433,218,0
67.44617067646678,0.3501094169939845,24.244929581902465,3.353542999165617,204,0
68.88482197008052,0.31895816165987434,31.9316165890578,3.72865731234407,210,0
60.93338903151778,0.4001046092567141,28.97764389506939,2.8577603603873682,276,0
65.76766753889096,0.029676770700076238,38.77737849157745,3.124221698004673,23,0
61.48315394383666,0.3677875319530908,37.865098626074285,3.398732033613039,485,0
65.24126747022667,0.2345924316872576,27.670972154409185,3.675852790328245,3,0
85.5364179660784,0.11693671031435429,29.245811442166524,3.165532615109955,151,0
65.50601111168056,0.35112025995249807,29.630262171958037,3.092324901220231,442,0
101.32382064837391,0.4373658545162957,27.741702619201888,2.7093230572751748,482,1
79.93317900880889,0.2862551485372308,30.975124920140633,3.3310314387924316,258,0
76.84836123694873,0.39528745472029386,26.20858965556205,3.9126228120431232,323,0
66.41642219818786,0.46122782579886457,24.346923325312368,3.3832075385894025,356,0
82.00309879408991,0.4314914453584047,33.11355611950134,3.293316306244886,167,0
69.24362173762226,0.4639964529371393,33.147647921109055,3.3966246932300956,175,0
76.22009814645361,0.3742127491071892,25.978421201700037,3.2966723988154194,309,0
100.60084538268795,0.3075433638901593,34.476777153812996,3.0560956883219608,290,0
74.03940100275351,0.13980341881028313,26.842111354173344,3.5469839747033114,478,0
86.49273326285676,0.27539375118700515,31.265826190189905,3.367728456933526,55,0
67.96823574874112,0.21567534046838083,34.10172006306228,3.305283975580097,107,0
74.65011509503039,0.5170942717497814,29.831937176481436,3.007390191816525,472,1
92.7080063563551,0.28241141875676634,32.273704560705674,3.6910523795804275,295,0
68.73032942212232,0.31232048067844853,27.417851780562142,3.499410823599933,460,0
93.12448557996929,0.35514853760404674,29.017667082859514,3.134123748789809,323,0
82.07751935455475,0.30436024463724537,28.970702845598296,3.600547456104581,301,0
69.37533224105732,0.4695051040430753,26.267108267298806,3.1507287484844375,333,0
81.3240773905552,0.2377350638265548,29.11612918442109,3.0653989522466887,140,0
84.7255444962673,0.3194607455237243,22.256908505681267,3.0720890647559136,154,0
81.21809962217196,0.22575294143019514,27.544231264289476,2.7686794340735723,261,0
59.297752801095434,0.1679977488779294,28.575622533151645,3.4414627141254615,272,0
67.72862824175131,0.23882309090947146,28.7191012375231,2.7506565364984947,419,1
72.52481364448495,0.2962963202951588,28.792512770646105,2.931466850620271,231,0
74.25566570899954,0.257069777548274,29.691179000699357,2.6773235972764398,240,0
81.20672097550678,0.23075790201261437,32.39720759043032,3.274179092162732,354,0
76.77701000933254,0.1593682536328166,34.37258537066261,3.254903861918438,336,0
61.64655641289899,0.2916894427371305,26.751173865758666,3.2019911360440907,488,0
78.80197851005963,0.14952796259689977,23.983995723054278,2.987226691598827,257,0
81.10585745283824,0.37600559636896025,24.789777938784486,2.9483298739690076,248,0
80.5979044793104,0.3082439752934503,27.563985394025366,3.439310959063972,76,0
85.80780725554622,0.15424485005350694,28.240393410917456,3.1348344204874534,179,0
83.33922154548904,0.26907909229501364,26.150019669012714,3.3949074964608434,65,0
79.59180079228437,0.22478435944094166,23.519416678750527,3.0344253941627333,307,0
74.29834288541353,0.33191745104191805,27.71939586262906,3.3543188228313245,347,0
58.39039066484008,0.4340450446023144,30.907133100569858,3.6909834111948188,170,0
79.29618219132585,0.11248275303542551,32.97514732917782,3.4758497401178348,473,0
77.07687687163111,0.3115026079147417,27.212884734458395,3.1762758545350556,21,0
77.71578837195374,0.28398672044333595,27.93501088928283,3.377159691106778,366,0
62.232514241796906,0.36713400764504656,25.366508455763444,3.227800447640936,106,0
64.18943459591738,0.3213196628237689,29.842804148126117,3.302364055408418,438,0
85.53152853332904,0.22480306682611806,25.757856829045927,3.202316684355449,322,0
74.60444846143345,0.26809460643333816,32.865639066206,3.2506994382343826,226,0
81.81500697372624,0.2203974143196511,21.070667540329445,3.3636280059222523,443,0
75.28318376130461,0.40760071385985985,28.20185163773769,3.0019923901254146,441,0
75.29756139495746,0.3021311648671942,31.50553669595871,2.9952363519030065,395,1
84.38283805975998,0.49011906857530074,30.91917258161252,2.8834372338506364,215,0
69.83955271782627,0.2939339186185379,43.46516831990248,2.819918668648887,68,1
75.96120776940984,0.22915932330895372,31.749000122839536,2.934815192333856,83,0
70.37724711294958,0.14862856073871727,24.979727015789948,3.3478387520412385,102,0
70.65503772567685,0.11968603237440548,29.522678764554634,3.0321637453524346,38,0
71.90827876531361,0.141586405699451,21.11876833266774,3.4540843392693286,12,0
77.22133771633713,0.3267126651011483,29.597001253516197,3.3104141246257686,296,0
70.21251378336522,0.3508725023229934,25.834719714996208,2.709448735968584,312,0
87.55756125573521,0.14188092979678663,34.57695137780081,3.4964926752665066,180,0
66.05392697780496,0.3895038314076115,27.252298627022327,3.5432395936775127,492,0
73.13128355838641,0.25169389483165605,29.416170421023768,3.0018411975495436,267,0
70.60268941725825,0.3146793011985549,26.822210792977984,3.4260574628684974,12,0
89.46977884353733,0.46122206282554246,38.69425675926666,3.0430505287772402,119,0
76.96554776511574,0.3896839315865532,28.39378616941044,3.3293011130245005,457,0
85.31844539468635,0.27314693520941674,39.16278521739601,2.9206504779135103,352,1
60.14439626963028,0.21088077745847122,34.07075881059133,2.7620680642396267,56,0
77.67050265869258,0.08481845986706948,32.41033363667693,3.185154843116109,39,0
83.89630795623437,0.22808466807575797,31.8436657365876,3.262881316117549,373,0
75.82283989275425,0.27888697611723057,31.968986491081257,3.1806960919156184,335,0
85.65480375065351,0.20128204728488158,20.36163710327195,2.944790832533232,127,0
69.82711549899628,0.2868743032907695,28.60558302924622,3.1800302813606587,172,0
89.0934744018558,0.3076851882958768,34.225789855921604,3.3807884257742202,34,0
97.9889812361925,0.2775144018191921,29.75551408262947,3.286532090963239,258,0
71.37161439560342,0.234999741917654,22.974050765982124,3.3547503091797637,375,0
70.54497478599228,0.31686546719667275,29.73797774711265,3.09896543986373,4,0
89.533844771177,0.3441940649569409,38.520527581277456,3.651515374414848,217,0
90.79572145730712,0.19096009225571536,36.2344585776736,2.947147999033566,10,1
69.77139972846732,0.44109323797462696,29.689979953169843,3.4462680891260153,381,0
70.79813182904142,0.2901411867715738,34.75724638529043,3.6545673278879884,326,0
72.18215391139493,0.30188496229448475,28.16746489815974,3.4442724278246684,116,0
61.555494889657226,0.3708214423256557,21.480642065866405,3.239242731880551,183,0
65.81348053515802,0.32332161312635016,25.377670059352226,3.141510886001106,393,0
64.95859233247933,0.3953136633913245,37.81444384254099,3.6108262953138768,361,0
67.32202434895872,0.3287124165201824,28.63003459085348,2.873107522421498,115,0
74.65315112613219,0.2387562625359562,28.78308010312491,3.008962721886107,161,0
77.3421473253652,0.33615035252061015,28.500809018625596,3.1807326703524836,66,0
90.50500492814076,0.18562737926793382,39.52068294786503,3.671296127253599,199,0
65.0164595926121,0.3108559705776523,38.12979457681031,3.4139302908122686,30,0
84.84322398476584,0.29667700093555394,41.09390116724067,3.009586272446926,74,0
72.86011155774491,0.27918831427274604,29.204773947999744,3.2069076883845287,236,0
74.50536290347567,0.2871462488561069,31.478122443735476,3.1157030567711117,326,0
81.74819492166604,0.11181509545023607,22.416787252896043,3.0870633023299394,492,0
63.772779784377015,0.24512750922590384,37.38467213059137,3.5936668675670336,65,0
78.82409746184051,0.30928449011411147,24.161102243660324,2.8884770612209483,69,0
76.66452208213056,0.31598563919974004,31.083877818813146,3.782634256720312,296,0
79.92451264008149,0.19723248590740416,24.51348736183578,3.5484689070553865,446,0
77.89168643907819,0.4265707840864701,27.05566586630652,3.6272585011811094,415,0
99.55300139910895,0.2133825151785499,25.8136878447515,3.1611181463924223,19,0
68.62260015748684,0.3969457200526737,26.96062369662091,3.255017784276267,440,0
69.69003044998182,0.3427194361871685,27.304386484255108,2.8700544556425864,225,0
68.76859473575236,0.23537726901561967,27.258656025374613,3.142601277879959,433,0
69.44522880839746,0.4775310892609512,34.16666955890153,3.448096454292945,463,0
68.62612872693482,0.180636316824352,24.4756860346874,3.6888189185344187,408,0
86.89016531107552,0.39191541736100016,31.102707135069334,2.9678529549592643,395,1
89.20504247989855,0.40005823180429784,36.089795761527796,3.19034821890442,198,0
69.29253706250523,0.2329379790923355,27.43401817743302,3.254610233930243,38,0
66.67644426895771,0.4392465300064329,26.41040554626199,2.881263239342254,144,0
79.71415556386404,0.2749953485401047,28.847376874098746,3.47740477252752,44,0
69.47776955719029,0.3288693629279857,35.89862604180355,3.0828029004772173,394,0
81.32931817755511,0.3260321838771221,30.97053815476679,3.2413828946468928,325,0
77.029230208513,0.2865691258529452,27.343928526962006,3.1644151884264367,380,0
59.84255885002768,0.3810808273159782,32.4193832559402,3.0631984482840977,406,0
90.47505201330061,0.3793488720552213,24.488539250817883,3.297886504355833,90,0
92.95877673095522,0.1251468026761819,33.40679755221474,3.2353171264295932,237,0
68.87211309515614,0.43043402428781524,32.04303653850884,3.1884426353164,69,0
71.12298440064016,0.13375080119643254,28.46095764430558,3.081461513495897,165,0
77.85865390724905,0.4032546204341657,25.807071007763845,3.3958574012348866,129,0
78.34456789987026,0.4126705136827583,25.566595388582712,3.7960851805476854,213,0
81.5854427267283,0.19090335697848015,32.67408668172955,3.341966169851738,339,0
95.1020453876635,0.25891857120454154,36.14490251244531,3.5988354644733387,88,0
73.2305277250595,0.18942953315140643,26.813461264856027,2.882933422453961,334,0
67.01702755461547,0.27850789697112643,32.29193351775742,3.3473284317881307,251,0
61.20680771985473,0.26919657158142585,19.564864906989655,2.97078950430868,368,1
67.69069960058081,0.377966053226934,27.076911346714002,2.8569225217404295,348,0
74.66873027126204,0.4310308746119608,29.84470533564549,3.078188577762289,71,0
92.94557863517788,0.4395683810789956,25.45158291509083,3.6575698003240715,164,0
69.82388700963828,0.24378319734216977,25.31746812605202,3.5850047486008934,48,0
77.23787951638899,0.2790778126255472,26.661102217655568,3.37290141661632,51,0
74.83577103927247,0.13165618077790495,31.460963641631867,2.840189832033021,288,0
86.88393273448084,0.2194129933503811,29.063354907968126,3.2411158045836186,277,0
100.26932425873622,0.39648516330974576,18.80884383337514,3.3905100026705206,113,0
69.6913122707968,0.46155828235482316,19.396499236824667,3.352660868873579,238,0
70.10560557481777,0.17656511281200776,26.965674110714122,2.746861924955776,132,0
85.44160877069072,0.24075357408471057,32.28843293026776,3.032904645594038,486,0
81.81891489626311,0.2973594243041073,16.262475786373827,3.280776670755385,273,0
93.46707325736034,0.32801611588196067,27.501349119241848,3.4608872728551567,165,0
80.83928185325964,0.21903964800783537,27.368760717412894,2.6411616536700158,373,1
71.40707909212941,0.34240610444640895,36.94168889104224,3.2513628073560423,372,0
80.9065483069231,0.25261606529290836,28.074890941435683,3.3429146309636857,292,0
86.08703580582907,0.2985547729121721,31.914944923704642,3.5548835965548635,477,0
83.20482181197364,0.35462842480036993,30.706285700437316,3.5078572752712307,242,0
80.07274031107298,0.3006422269810938,19.347167600964,3.4747713956426414,478,0
85.66674689589154,0.2563614109473431,33.841036083158684,3.06001784798942,319,0
86.69295590445672,0.2890390196074169,31.07698252728144,2.7275993588630074,137,0
88.82158991037527,0.29116370407946646,32.54134319837295,3.1820841728815794,78,0
81.48709887589642,0.26299889701178725,49.63118853218163,3.600489547562568,169,0
73.32881919683146,0.2741203937332898,19.579435302507058,3.7180363582573293,122,0
76.46713686433323,0.4598647170504717,38.62348324880554,3.5131647306893354,175,0
87.06508966508358,0.35609194479412387,28.56276240299822,3.42880224684052,299,0
66.83064329012764,0.27045196819708395,31.436644522015047,3.4138918945157894,81,0
78.68673308872901,0.36969544045107355,29.77243877349379,3.1331643759717656,86,0
71.0666118767264,0.266618051024399,27.878818333009782,3.260981911933914,224,0
75.28744822934817,0.41731246375866415,27.150835358806205,3.800720857747899,15,0
87.78451862607298,0.3369642192198094,31.647543677865045,3.017232598262437,309,0
76.91099068019903,0.2892697855995771,22.414131516641604,3.7844336372129552,357,0
75.46436548156149,0.34477169258102774,33.752895837608826,3.2033915536523825,162,0
61.40143859020081,0.14291238479315005,27.91902797557373,3.6976296327285234,97,0
82.46253566027221,0.18732325310901946,24.34965330479821,2.8779554971507384,155,0
81.45484181141076,0.18060749936009446,27.74993571002093,3.4757712603493944,1,0
96.6325472330546,0.31429430947637066,36.28574608431286,3.0789689592157132,349,0
71.92221765046999,0.4732514999485092,27.323324564918885,2.8754198424227435,396,1
77.1915032766394,0.5231300146192632,31.7922680910481,3.3655602127232833,168,0
77.49383683710755,0.3638051101440757,26.34521862142263,3.6028415365787905,463,0
90.77453279763475,0.35008444749444567,33.789609249618096,3.046517568421951,314,0
74.04704467613048,0.1198942265847261,33.42753869395102,2.8502952118624796,324,0
77.7902152577034,0.24573262002659782,39.24304416648206,3.2724465706995134,374,0
81.0789650971654,0.2212216248091761,29.122180272503922,3.2737694013668457,91,0
76.86609123156359,0.23791524017488838,33.34327402378953,3.4644958882663492,180,0
70.53566385449471,0.28318561814152104,30.490337697694724,3.584878371409346,230,0
76.94089992898307,0.25279094223028725,36.479358909315074,3.2821754456182517,300,0
85.73631749859771,0.10207001896242121,26.40583806195635,3.8566509944382785,147,0
64.73484700588939,0.37479102561175337,33.725026564386404,3.3672704233605875,279,0
76.32969674146877,0.19272569742601933,29.026513519416593,3.19607204819793,188,0
67.99879185060827,0.32392468641111494,29.679059114457512,2.8165297922691517,346,0
86.95046628924842,0.5074082669749973,30.458762422241865,3.2212021439051495,349,0
59.76813095216225,0.20806154084135764,31.261201982133386,3.199083916376659,313,0
69.41078152728412,0.04697124772536698,29.41885478439021,3.588091438884441,492,0
78.7721187506452,0.2713995778119889,31.073565915852633,3.438745087220056,410,0
90.65524029234341,0.4100959634998571,37.89059028781092,2.9461892635102145,409,1
74.34249738927012,0.4958347454220594,34.92724842807609,3.351676315923311,127,0
69.44800473306802,0.17704504055475828,34.34577296248448,3.501459351518716,6,0
93.8115706944059,0.3496699223236522,27.722302369880648,3.7584094078163495,425,1
60.51986099583756,0.2534689543219947,25.55379585885838,3.5662511902242175,46,0
53.01194043379918,0.2894051645695864,34.77650279118876,3.528253996293443,52,0
79.40014450053333,0.5644343347017035,34.38023396264897,3.3180257983845487,186,0
69.97945775647389,0.14970296716048465,37.36335337875491,3.416493601627035,37,0
64.78767182869287,0.32537396614945735,26.98009687015385,3.6748514702118475,452,0
82.08356447299353,0.3467693171765433,28.852256723198266,2.9001667807561047,470,1
77.43800713771199,0.4085786324939347,21.802579187372828,3.195168201834913,475,0
69.35921369263272,0.3097983153470895,28.037644469695636,3.068229375373128,225,0
62.19695601329106,0.3308050539504102,34.982852552897235,3.413745935617837,52,0
83.72457328280144,0.26083514325782087,27.66752310385901,3.669066652695236,398,0
81.50201177958661,0.32691269412451074,33.20239897600412,3.120907713983678,223,0
74.00824136220618,0.26568077245025895,29.047484470010943,2.5829086897591687,153,0
93.46636996047665,0.36215718898560506,31.620285141107804,3.1763337764926587,47,0
64.29915233673847,0.2630389663956366,24.261543050921663,3.5740421196052217,350,0
59.74474829075261,0.33771003939021865,30.426047248169507,3.4612889708849637,146,0
68.08091930118755,0.29707371863150217,15.044320145496384,3.4284558743431726,392,0
74.54413983644503,0.4126050250772168,29.065519209190075,3.216002009437656,63,0
77.43339449322691,0.29486062764115134,21.8476337814243,2.916290779134064,348,0
72.5876394214367,0.12269675317931183,36.02997258273408,3.4545882964873402,181,0
78.52055396514297,0.42619215007139916,33.88703676382256,3.0497154569896123,124,0
62.48460575809556,0.2094267699137381,32.333354909830405,3.9552290200141367,178,0
89.4376460407326,0.234623366135118,37.6050311357969,3.4711521625063546,38,0
74.17848821607431,0.24043387059565077,25.255417395875813,3.1258055092338144,259,0
86.17295831588127,0.4374438093170817,38.73681598957779,3.116584425783411,381,0
78.42725346377703,0.08643257860213044,34.66095782130192,3.2721167380159235,2,0
79.56753219153784,0.6137748533659995,28.81722356390527,3.228149423393475,63,0
80.69767280232205,0.4056056809066052,35.67810073591472,3.635050132658986,28,0
79.47708560017315,0.32232389141291595,24.46853243794183,3.3559248509232136,371,0
81.42722759867544,0.29451059993837136,25.87742919236163,3.0805104783274415,10,0
88.29152530132431,0.32855540748576567,26.9570513838015,3.8671322055467345,96,0
76.9652116970147,0.35211224283793385,27.355111459679925,3.3147924994560665,357,0
82.09003757588512,0.3645215585950057,24.717211786198735,3.5306519027906687,441,0
74.10264305712774,0.35556044660034486,36.11541533547663,3.1175320477665722,202,0
89.40117215449473,0.30895806812552484,28.70572799815084,3.408934688323357,410,0
68.2360769794073,0.28026615796926735,31.762524841784398,3.3933329973429585,480,0
93.00940432910815,0.2848726716346488,27.148243167931597,2.733105212371154,20,1
74.59842049355656,0.2805091719647319,20.896983497257416,3.904582533138192,38,0
60.69224897881952,0.41337700968670643,31.35028679195711,3.687193338276764,222,0
76.2810441491079,0.3593556722280862,20.438725122901115,3.1808414051562037,101,0
68.1894834252512,0.005961136533571942,29.656829769572656,2.969319077863243,45,0
83.40643548988724,0.3655900776529761,23.15842480583595,3.4042684841410655,65,0
68.4737602069761,0.31947361947187747,39.93637999615404,3.3260093098243186,90,0
70.5381656678522,0.2981291243554102,34.55681361087361,3.4067006845689685,163,0
56.10459269054469,0.2611481546911114,30.528768956357403,3.357473218858227,458,0
70.47693680750923,0.41241127199860134,36.318533388273345,3.4518722967917777,110,0
50.76120673371044,0.3947526462122858,25.768420112671322,3.7341917098175417,337,0
59.16097176514277,0.22271223321763906,32.71739689335047,3.4704309615385935,122,0
82.60414656144297,0.3407052287124535,30.99905216859357,2.9851033503270177,192,0
82.85800158650832,0.20283432654587139,31.32010040666835,3.7087688558137355,446,0
79.25457561784965,0.16203818352110694,36.36176750053384,3.792184369046486,98,0
65.33023856870787,0.23732827754100347,33.66246051389901,4.245617020353626,290,0
74.5228864385802,0.38623934723827585,31.443618314125118,2.9629517900281206,158,0
74.96397460909432,0.3953125045376087,21.72556281885852,3.3728646039450823,411,0
63.416353108074574,0.3513085420097293,25.199768523602682,2.675370389043304,102,0
90.0339830176715,0.3725095786847997,29.38645533202138,3.4659447469137628,384,1
83.77362290575671,0.35161782871149583,30.466861871383255,3.135539910549968,280,0
72.79035826170336,0.23585184047770474,24.34898137663038,3.8770337384474858,42,0
75.26885838994531,0.34319225446739404,42.058383377892106,3.0676155089944253,485,1
77.08382807947552,0.3800409525227682,37.58197027626787,2.7932450886098215,83,0
54.58265131575709,0.37542913298135744,33.01059160196242,3.158620877789244,450,0
72.52822617479403,0.4188913371474643,30.360184306418724,2.7073536686348585,190,0
68.18015752002202,0.3708303847201064,28.93895515049424,3.525329836352193,50,0
64.98379990105084,0.3351448207541583,25.24040769988882,2.6804750861231037,385,1
72.18899707114045,0.40701502383164273,30.387402592594313,3.3085372743549475,209,0
92.97686526849523,0.297347874075094,31.288762700713754,2.676656454043141,125,1
81.4084286126701,0.2118125348772282,23.79119712259188,3.2039106586390074,491,0
69.28821010217203,0.2836933036056236,31.670882086224488,3.79301344674136,447,0
80.72582781356158,0.22550973551935508,29.223704755876255,3.4081943674307382,457,0
